Transaction_ID,Date,Department,Income,Expense,Profit,Profit_Margin_%
1,2024-01-01 00:00:00,HR,46945.32,21773.38,25171.94,53.62
2,2024-01-02 00:00:00,Finance,30430.99,3090.45,27340.54,89.84
3,2024-01-03 00:00:00,IT,36349.29,3066.45,33282.84,91.56
4,2024-01-04 00:00:00,Finance,46512.47,1351.15,45161.32,97.1
5,2024-01-05 00:00:00,Finance,36825.74,28738.54,8087.2,21.96
6,2024-01-06 00:00:00,Marketing,11864.26,22387.74,-10523.48,-88.7
7,2024-01-07 00:00:00,IT,30932.98,11244.29,19688.69,63.65
8,2024-01-08 00:00:00,IT,32302.18,9599.53,22702.65,70.28
9,2024-01-09 00:00:00,IT,24085.88,11141.39,12944.49,53.74
10,2024-01-10 00:00:00,Finance,38139.99,23464.95,14675.04,38.48
11,2024-01-11 00:00:00,HR,47046.52,20179.75,26866.77,57.11
12,2024-01-12 00:00:00,IT,46650.58,6370.67,40279.91,86.34
13,2024-01-13 00:00:00,Finance,25287.77,6049.17,19238.6,76.08
14,2024-01-14 00:00:00,Marketing,10095.71,3853.47,6242.24,61.83
15,2024-01-15 00:00:00,HR,49317.85,20148.78,29169.07,59.15
16,2024-01-16 00:00:00,Marketing,42750.41,23166.81,19583.6,45.81
17,2024-01-17 00:00:00,HR,10609.82,8686.35,1923.47,18.13
18,2024-01-18 00:00:00,Finance,46437.88,1607.4,44830.48,96.54
19,2024-01-19 00:00:00,Sales,44145.34,3382.98,40762.36,92.34
20,2024-01-20 00:00:00,HR,28347.71,29067.94,-720.23,-2.54
21,2024-01-21 00:00:00,Marketing,31607.39,9567.9,22039.49,69.73
22,2024-01-22 00:00:00,Finance,22955.12,23307.47,-352.35,-1.53
23,2024-01-23 00:00:00,HR,7464.27,19115.24,-11650.97,-156.09
24,2024-01-24 00:00:00,Sales,20083.88,12076.25,8007.63,39.87
25,2024-01-25 00:00:00,Sales,41128.41,6964.93,34163.48,83.07
26,2024-01-26 00:00:00,IT,5208.44,4520.21,688.23,13.21
27,2024-01-27 00:00:00,IT,20007.46,18835.38,1172.08,5.86
28,2024-01-28 00:00:00,Marketing,22917.59,23464.38,-546.79,-2.39
29,2024-01-29 00:00:00,HR,29182.8,19673.22,9509.58,32.59
30,2024-01-30 00:00:00,HR,46393.5,16378.76,30014.74,64.7
31,2024-01-31 00:00:00,IT,20585.57,2216.59,18368.98,89.23
32,2024-02-01 00:00:00,HR,20612.89,29086.17,-8473.28,-41.11
33,2024-02-02 00:00:00,HR,38187.56,24162.71,14024.85,36.73
34,2024-02-03 00:00:00,Sales,25349.81,9491.84,15857.97,62.56
35,2024-02-04 00:00:00,IT,15107.22,29419.14,-14311.92,-94.74
36,2024-02-05 00:00:00,Finance,25359.78,18454.57,6905.21,27.23
37,2024-02-06 00:00:00,IT,11338.57,17890.26,-6551.69,-57.78
38,2024-02-07 00:00:00,Finance,12937.41,22694.12,-9756.71,-75.41
39,2024-02-08 00:00:00,Sales,27426.55,24541.32,2885.23,10.52
40,2024-02-09 00:00:00,Marketing,23851.65,20037.88,3813.77,15.99
41,2024-02-10 00:00:00,HR,46168.07,4714.78,41453.29,89.79
42,2024-02-11 00:00:00,Sales,21307.73,10809.76,10497.97,49.27
43,2024-02-12 00:00:00,HR,31126.48,27914.43,3212.05,10.32
44,2024-02-13 00:00:00,Marketing,33451.89,7513.85,25938.04,77.54
45,2024-02-14 00:00:00,Marketing,5589.25,11792.84,-6203.59,-110.99
46,2024-02-15 00:00:00,Sales,34859.18,13530.23,21328.95,61.19
47,2024-02-16 00:00:00,Marketing,13011.62,13742.74,-731.12,-5.62
48,2024-02-17 00:00:00,Finance,48248.16,18775.25,29472.91,61.09
49,2024-02-18 00:00:00,Marketing,11689.82,28349.2,-16659.38,-142.51
50,2024-02-19 00:00:00,HR,23658.09,7980.09,15678,66.27
51,2024-02-20 00:00:00,HR,8840.74,4523.54,4317.2,48.83
52,2024-02-21 00:00:00,HR,49859.34,6726.64,43132.7,86.51
53,2024-02-22 00:00:00,HR,27598.78,26720.82,877.96,3.18
54,2024-02-23 00:00:00,Finance,31792.33,19728.51,12063.82,37.95
55,2024-02-24 00:00:00,IT,8018.44,9291.3,-1272.86,-15.87
56,2024-02-25 00:00:00,Sales,38748.22,24662.46,14085.76,36.35
57,2024-02-26 00:00:00,HR,14445.75,25979.73,-11533.98,-79.84
58,2024-02-27 00:00:00,Marketing,45412.44,25548.92,19863.52,43.74
59,2024-02-28 00:00:00,HR,14231.28,27648.87,-13417.59,-94.28
60,2024-02-29 00:00:00,Marketing,13580.95,8314.99,5265.96,38.77
61,2024-03-01 00:00:00,Marketing,6644.74,22896.22,-16251.48,-244.58
62,2024-03-02 00:00:00,HR,26243.01,14355.65,11887.36,45.3
63,2024-03-03 00:00:00,Finance,30417.85,25417.96,4999.89,16.44
64,2024-03-04 00:00:00,Marketing,7956.89,22126.23,-14169.34,-178.08
65,2024-03-05 00:00:00,Marketing,39898.74,23516.98,16381.76,41.06
66,2024-03-06 00:00:00,HR,25398,20028.69,5369.31,21.14
67,2024-03-07 00:00:00,Marketing,28597.56,6145.43,22452.13,78.51
68,2024-03-08 00:00:00,Marketing,24834.32,16805.78,8028.54,32.33
69,2024-03-09 00:00:00,HR,23034.34,29555.42,-6521.08,-28.31
70,2024-03-10 00:00:00,HR,30183.81,28184.25,1999.56,6.62
71,2024-03-11 00:00:00,Sales,11985.81,2252.04,9733.77,81.21
72,2024-03-12 00:00:00,Finance,13186.77,5779.63,7407.14,56.17
73,2024-03-13 00:00:00,Finance,43780.35,4820.13,38960.22,88.99
74,2024-03-14 00:00:00,Marketing,47575.2,22053.42,25521.78,53.65
75,2024-03-15 00:00:00,Finance,21798.92,24715.77,-2916.85,-13.38
76,2024-03-16 00:00:00,Marketing,17183.51,7191.83,9991.68,58.15
77,2024-03-17 00:00:00,Sales,33979.98,15669.73,18310.25,53.89
78,2024-03-18 00:00:00,HR,23393.04,25380.39,-1987.35,-8.5
79,2024-03-19 00:00:00,HR,6142.39,22251.24,-16108.85,-262.26
80,2024-03-20 00:00:00,HR,12026.87,16724.88,-4698.01,-39.06
81,2024-03-21 00:00:00,Finance,37218.75,18120.08,19098.67,51.31
82,2024-03-22 00:00:00,Sales,34651.58,15742.46,18909.12,54.57
83,2024-03-23 00:00:00,Finance,6219.32,9628.91,-3409.59,-54.82
84,2024-03-24 00:00:00,Finance,14988.75,17385.64,-2396.89,-15.99
85,2024-03-25 00:00:00,Sales,15398.37,20977.67,-5579.3,-36.23
86,2024-03-26 00:00:00,Sales,35235.17,26326.36,8908.81,25.28
87,2024-03-27 00:00:00,Sales,5886.97,19452.45,-13565.48,-230.43
88,2024-03-28 00:00:00,Sales,9684.89,23072.52,-13387.63,-138.23
89,2024-03-29 00:00:00,HR,40996.22,5642.08,35354.14,86.24
90,2024-03-30 00:00:00,IT,13034.51,14385.17,-1350.66,-10.36
91,2024-03-31 00:00:00,IT,34373.57,1270.62,33102.95,96.3
92,2024-04-01 00:00:00,Sales,15718.23,8153.69,7564.54,48.13
93,2024-04-02 00:00:00,IT,9474.86,22067.39,-12592.53,-132.9
94,2024-04-03 00:00:00,IT,15942.75,29762.49,-13819.74,-86.68
95,2024-04-04 00:00:00,Sales,37502.01,3876.16,33625.85,89.66
96,2024-04-05 00:00:00,IT,43506.34,12643.34,30863,70.94
97,2024-04-06 00:00:00,Finance,42359.89,24202.06,18157.83,42.87
98,2024-04-07 00:00:00,Marketing,22873.26,6917.03,15956.23,69.76
99,2024-04-08 00:00:00,Marketing,35063.83,17097.46,17966.37,51.24
100,2024-04-09 00:00:00,Sales,14224.29,22259.07,-8034.78,-56.49
101,2024-04-10 00:00:00,HR,18191.65,18863.58,-671.93,-3.69
102,2024-04-11 00:00:00,Sales,45335.11,6452.72,38882.39,85.77
103,2024-04-12 00:00:00,HR,5585.09,11306.15,-5721.06,-102.43
104,2024-04-13 00:00:00,Marketing,8847.88,23729.96,-14882.08,-168.2
105,2024-04-14 00:00:00,Sales,14354.88,17072.57,-2717.69,-18.93
106,2024-04-15 00:00:00,Finance,6193.95,1151.66,5042.29,81.41
107,2024-04-16 00:00:00,IT,13164.59,23068.73,-9904.14,-75.23
108,2024-04-17 00:00:00,HR,31236.87,2024.03,29212.84,93.52
109,2024-04-18 00:00:00,IT,23964.1,22626.28,1337.82,5.58
110,2024-04-19 00:00:00,IT,45170.23,6871.94,38298.29,84.79
111,2024-04-20 00:00:00,Sales,41784.96,28784.13,13000.83,31.11
112,2024-04-21 00:00:00,IT,20381.78,11670.28,8711.5,42.74
113,2024-04-22 00:00:00,Finance,16674.05,10481.02,6193.03,37.14
114,2024-04-23 00:00:00,IT,22086.16,5317.75,16768.41,75.92
115,2024-04-24 00:00:00,Sales,31563.27,9862.52,21700.75,68.75
116,2024-04-25 00:00:00,Finance,17062.86,26422.87,-9360.01,-54.86
117,2024-04-26 00:00:00,Marketing,33086.7,29893.7,3193,9.65
118,2024-04-27 00:00:00,IT,23423.52,11680.98,11742.54,50.13
119,2024-04-28 00:00:00,Sales,29842.12,14009.71,15832.41,53.05
120,2024-04-29 00:00:00,Marketing,24625.69,21940.06,2685.63,10.91
121,2024-04-30 00:00:00,Marketing,18250.96,26699.68,-8448.72,-46.29
122,2024-05-01 00:00:00,HR,47680.4,18198.29,29482.11,61.83
123,2024-05-02 00:00:00,Finance,39362.26,12354.25,27008.01,68.61
124,2024-05-03 00:00:00,IT,11305.09,12966.03,-1660.94,-14.69
125,2024-05-04 00:00:00,Sales,44081.06,21172.93,22908.13,51.97
126,2024-05-05 00:00:00,HR,26934.4,1093.33,25841.07,95.94
127,2024-05-06 00:00:00,Finance,45254.85,18968.09,26286.76,58.09
128,2024-05-07 00:00:00,HR,40993.49,11309.3,29684.19,72.41
129,2024-05-08 00:00:00,Finance,24134.61,24031.72,102.89,0.43
130,2024-05-09 00:00:00,Finance,6011.12,3696.73,2314.39,38.5
131,2024-05-10 00:00:00,IT,17090.48,18057.87,-967.39,-5.66
132,2024-05-11 00:00:00,Finance,29373.54,14948.21,14425.33,49.11
133,2024-05-12 00:00:00,HR,33506.52,19627.44,13879.08,41.42
134,2024-05-13 00:00:00,Finance,16604.95,2880.75,13724.2,82.65
135,2024-05-14 00:00:00,IT,11271.02,17819.53,-6548.51,-58.1
136,2024-05-15 00:00:00,IT,42571.86,17283.05,25288.81,59.4
137,2024-05-16 00:00:00,HR,49298.1,17259.14,32038.96,64.99
138,2024-05-17 00:00:00,Marketing,28656.06,18501.14,10154.92,35.44
139,2024-05-18 00:00:00,Marketing,12725.57,20617.57,-7892,-62.02
140,2024-05-19 00:00:00,Finance,17253.83,24344.68,-7090.85,-41.1
141,2024-05-20 00:00:00,Sales,5827.58,8824.8,-2997.22,-51.43
142,2024-05-21 00:00:00,Finance,46143.45,24926.43,21217.02,45.98
143,2024-05-22 00:00:00,HR,10298.8,15449.41,-5150.61,-50.01
144,2024-05-23 00:00:00,HR,30943.24,3234.69,27708.55,89.55
145,2024-05-24 00:00:00,HR,17332.48,2697.98,14634.5,84.43
146,2024-05-25 00:00:00,HR,29938.01,10692.91,19245.1,64.28
147,2024-05-26 00:00:00,HR,34313.92,23762.01,10551.91,30.75
148,2024-05-27 00:00:00,IT,42338.38,21522.75,20815.63,49.16
149,2024-05-28 00:00:00,Marketing,14288.96,23869.83,-9580.87,-67.05
150,2024-05-29 00:00:00,HR,5494.81,16000.8,-10505.99,-191.2
151,2024-05-30 00:00:00,Sales,11159.85,13765.77,-2605.92,-23.35
152,2024-05-31 00:00:00,Sales,45500.84,5276.12,40224.72,88.4
153,2024-06-01 00:00:00,Sales,44325.05,10517.59,33807.46,76.27
154,2024-06-02 00:00:00,Sales,31883.59,13586.56,18297.03,57.39
155,2024-06-03 00:00:00,IT,32023.26,3569.41,28453.85,88.85
156,2024-06-04 00:00:00,Sales,34926.65,7397.75,27528.9,78.82
157,2024-06-05 00:00:00,HR,12891.71,18348.53,-5456.82,-42.33
158,2024-06-06 00:00:00,Finance,46148.54,22334.23,23814.31,51.6
159,2024-06-07 00:00:00,Sales,23844.67,29952.08,-6107.41,-25.61
160,2024-06-08 00:00:00,IT,22241.23,28060.29,-5819.06,-26.16
161,2024-06-09 00:00:00,IT,28351.3,19634.39,8716.91,30.75
162,2024-06-10 00:00:00,Sales,7113.47,13216.19,-6102.72,-85.79
163,2024-06-11 00:00:00,Finance,12482.75,19449.14,-6966.39,-55.81
164,2024-06-12 00:00:00,Sales,38211.51,23783.9,14427.61,37.76
165,2024-06-13 00:00:00,IT,8725.94,4431.75,4294.19,49.21
166,2024-06-14 00:00:00,Marketing,32141.84,12887.24,19254.6,59.91
167,2024-06-15 00:00:00,HR,16040.71,25354.27,-9313.56,-58.06
168,2024-06-16 00:00:00,IT,22518.3,12131.16,10387.14,46.13
169,2024-06-17 00:00:00,Sales,17991.22,17584.3,406.92,2.26
170,2024-06-18 00:00:00,HR,21005.27,18045.31,2959.96,14.09
171,2024-06-19 00:00:00,Sales,37357.07,6349.81,31007.26,83
172,2024-06-20 00:00:00,Sales,18370.48,11504.83,6865.65,37.37
173,2024-06-21 00:00:00,Marketing,30488.21,10700.83,19787.38,64.9
174,2024-06-22 00:00:00,HR,26422.27,1759.7,24662.57,93.34
175,2024-06-23 00:00:00,HR,34865.2,1701.56,33163.64,95.12
176,2024-06-24 00:00:00,Marketing,47157.34,25119.21,22038.13,46.73
177,2024-06-25 00:00:00,IT,37965.74,8919.05,29046.69,76.51
178,2024-06-26 00:00:00,Sales,14672.32,16024.28,-1351.96,-9.21
179,2024-06-27 00:00:00,Finance,6403.24,9663.04,-3259.8,-50.91
180,2024-06-28 00:00:00,Sales,16801.88,28279.7,-11477.82,-68.31
181,2024-06-29 00:00:00,Sales,31778.51,8519.61,23258.9,73.19
182,2024-06-30 00:00:00,IT,7314.16,13460.05,-6145.89,-84.03
183,2024-07-01 00:00:00,Sales,27336.48,26309.18,1027.3,3.76
184,2024-07-02 00:00:00,Marketing,31857.93,25416.07,6441.86,20.22
185,2024-07-03 00:00:00,Marketing,20040.98,6396.94,13644.04,68.08
186,2024-07-04 00:00:00,HR,39691.05,24276.66,15414.39,38.84
187,2024-07-05 00:00:00,Finance,9796.92,14287.42,-4490.5,-45.84
188,2024-07-06 00:00:00,Sales,8381.2,15006.1,-6624.9,-79.04
189,2024-07-07 00:00:00,Sales,37768.49,4870.92,32897.57,87.1
190,2024-07-08 00:00:00,IT,27297.11,3337.44,23959.67,87.77
191,2024-07-09 00:00:00,Marketing,35978.11,22110.24,13867.87,38.55
192,2024-07-10 00:00:00,Finance,24567.23,15397.37,9169.86,37.33
193,2024-07-11 00:00:00,HR,16088.09,13668.67,2419.42,15.04
194,2024-07-12 00:00:00,Marketing,41859.6,22155.74,19703.86,47.07
195,2024-07-13 00:00:00,HR,40973.71,23199.87,17773.84,43.38
196,2024-07-14 00:00:00,IT,36261.34,5608.34,30653,84.53
197,2024-07-15 00:00:00,IT,17246.53,18696.53,-1450,-8.41
198,2024-07-16 00:00:00,Sales,31560.38,4925.27,26635.11,84.39
199,2024-07-17 00:00:00,Finance,21243.83,22789.88,-1546.05,-7.28
200,2024-07-18 00:00:00,HR,9121.19,20051.7,-10930.51,-119.84
201,2024-07-19 00:00:00,Marketing,46279.11,28741.82,17537.29,37.89
202,2024-07-20 00:00:00,IT,11156.84,2999.78,8157.06,73.11
203,2024-07-21 00:00:00,Sales,47760.68,2654.59,45106.09,94.44
204,2024-07-22 00:00:00,Sales,25070.26,9183.43,15886.83,63.37
205,2024-07-23 00:00:00,HR,13330.98,8589.46,4741.52,35.57
206,2024-07-24 00:00:00,IT,29385.54,8162.39,21223.15,72.22
207,2024-07-25 00:00:00,Finance,44282.56,27281.38,17001.18,38.39
208,2024-07-26 00:00:00,IT,37950.12,8236.84,29713.28,78.3
209,2024-07-27 00:00:00,HR,41295.25,8886.54,32408.71,78.48
210,2024-07-28 00:00:00,HR,34645.25,23022.55,11622.7,33.55
211,2024-07-29 00:00:00,IT,36152.45,14042.46,22109.99,61.16
212,2024-07-30 00:00:00,HR,43213.8,23524.61,19689.19,45.56
213,2024-07-31 00:00:00,IT,16235.06,2895.62,13339.44,82.16
214,2024-08-01 00:00:00,Marketing,27024.12,15139.56,11884.56,43.98
215,2024-08-02 00:00:00,IT,14954.42,1974.79,12979.63,86.79
216,2024-08-03 00:00:00,IT,49445.06,2816.94,46628.12,94.3
217,2024-08-04 00:00:00,HR,47482.67,27286.69,20195.98,42.53
218,2024-08-05 00:00:00,HR,6774.21,5038.12,1736.09,25.63
219,2024-08-06 00:00:00,Sales,36750.88,16440.2,20310.68,55.27
220,2024-08-07 00:00:00,Sales,46636.17,12921.77,33714.4,72.29
221,2024-08-08 00:00:00,Marketing,13125.89,11072.96,2052.93,15.64
222,2024-08-09 00:00:00,Sales,30557.54,27095.17,3462.37,11.33
223,2024-08-10 00:00:00,IT,46196.97,1632.88,44564.09,96.47
224,2024-08-11 00:00:00,HR,6527.57,20249.9,-13722.33,-210.22
225,2024-08-12 00:00:00,Sales,36383.91,28938.44,7445.47,20.46
226,2024-08-13 00:00:00,Sales,18380.71,17244.88,1135.83,6.18
227,2024-08-14 00:00:00,Marketing,46597.83,28167.85,18429.98,39.55
228,2024-08-15 00:00:00,Marketing,48697.62,2515.48,46182.14,94.83
229,2024-08-16 00:00:00,IT,47491.99,13145.01,34346.98,72.32
230,2024-08-17 00:00:00,HR,26339.64,8544.58,17795.06,67.56
231,2024-08-18 00:00:00,Marketing,43791.92,22193.81,21598.11,49.32
232,2024-08-19 00:00:00,Sales,43004.72,29457.62,13547.1,31.5
233,2024-08-20 00:00:00,HR,19359.52,8439.37,10920.15,56.41
234,2024-08-21 00:00:00,HR,42301.2,19971.06,22330.14,52.79
235,2024-08-22 00:00:00,Sales,6665.34,6744.83,-79.49,-1.19
236,2024-08-23 00:00:00,Marketing,31832.14,17394.58,14437.56,45.36
237,2024-08-24 00:00:00,Sales,15350.4,14454.04,896.36,5.84
238,2024-08-25 00:00:00,HR,10425.51,29188.15,-18762.64,-179.97
239,2024-08-26 00:00:00,Finance,8462.89,18647.29,-10184.4,-120.34
240,2024-08-27 00:00:00,Finance,36332.99,11135.68,25197.31,69.35
241,2024-08-28 00:00:00,IT,20294.37,4308.78,15985.59,78.77
242,2024-08-29 00:00:00,Sales,37614.5,5386.16,32228.34,85.68
243,2024-08-30 00:00:00,Sales,7941.04,7534.19,406.85,5.12
244,2024-08-31 00:00:00,IT,19188.07,8278.03,10910.04,56.86
245,2024-09-01 00:00:00,IT,29277.11,25667.87,3609.24,12.33
246,2024-09-02 00:00:00,IT,40582.54,17275.46,23307.08,57.43
247,2024-09-03 00:00:00,HR,19343.86,16178.34,3165.52,16.36
248,2024-09-04 00:00:00,Sales,33165.11,4328.3,28836.81,86.95
249,2024-09-05 00:00:00,HR,44869,25944.05,18924.95,42.18
250,2024-09-06 00:00:00,IT,32713.84,21961.61,10752.23,32.87
251,2024-09-07 00:00:00,Sales,15483.18,2962.38,12520.8,80.87
252,2024-09-08 00:00:00,HR,6098.04,21527.22,-15429.18,-253.02
253,2024-09-09 00:00:00,HR,44154.45,16762.61,27391.84,62.04
254,2024-09-10 00:00:00,IT,5957.12,3370.04,2587.08,43.43
255,2024-09-11 00:00:00,Sales,44361.58,14290.72,30070.86,67.79
256,2024-09-12 00:00:00,IT,28802.17,15056.19,13745.98,47.73
257,2024-09-13 00:00:00,Sales,47258.05,5807.46,41450.59,87.71
258,2024-09-14 00:00:00,Finance,40945.25,28425.25,12520,30.58
259,2024-09-15 00:00:00,Marketing,49907.03,25649.29,24257.74,48.61
260,2024-09-16 00:00:00,Marketing,20782.03,20401.65,380.38,1.83
261,2024-09-17 00:00:00,Marketing,39523.47,14406.57,25116.9,63.55
262,2024-09-18 00:00:00,IT,23086.89,12941.2,10145.69,43.95
263,2024-09-19 00:00:00,Finance,26594.4,19878.23,6716.17,25.25
264,2024-09-20 00:00:00,Sales,33237.75,16817.52,16420.23,49.4
265,2024-09-21 00:00:00,HR,44315.47,2805.92,41509.55,93.67
266,2024-09-22 00:00:00,Sales,49283.76,15862.58,33421.18,67.81
267,2024-09-23 00:00:00,HR,39572.3,24385.7,15186.6,38.38
268,2024-09-24 00:00:00,Sales,23799.51,14317.96,9481.55,39.84
269,2024-09-25 00:00:00,Finance,23961.07,2506.74,21454.33,89.54
270,2024-09-26 00:00:00,HR,38191.2,23802.07,14389.13,37.68
271,2024-09-27 00:00:00,IT,15744.97,6839.55,8905.42,56.56
272,2024-09-28 00:00:00,Sales,9971.34,8500,1471.34,14.76
273,2024-09-29 00:00:00,Sales,20958,5776.48,15181.52,72.44
274,2024-09-30 00:00:00,HR,17925.75,10576.24,7349.51,41
275,2024-10-01 00:00:00,IT,18333.87,22945.79,-4611.92,-25.16
276,2024-10-02 00:00:00,IT,15512.35,16062.19,-549.84,-3.54
277,2024-10-03 00:00:00,Finance,6894.19,6941.56,-47.37,-0.69
278,2024-10-04 00:00:00,IT,5804.33,26457.07,-20652.74,-355.82
279,2024-10-05 00:00:00,IT,49447.51,26507.87,22939.64,46.39
280,2024-10-06 00:00:00,IT,24249.79,26246.77,-1996.98,-8.24
281,2024-10-07 00:00:00,Marketing,22294.7,7925.09,14369.61,64.45
282,2024-10-08 00:00:00,Finance,35584.13,14085.94,21498.19,60.42
283,2024-10-09 00:00:00,Sales,14821.42,29564.7,-14743.28,-99.47
284,2024-10-10 00:00:00,HR,47748.25,23388.36,24359.89,51.02
285,2024-10-11 00:00:00,Sales,40385.53,1787.86,38597.67,95.57
286,2024-10-12 00:00:00,Finance,9023.5,2890.93,6132.57,67.96
287,2024-10-13 00:00:00,HR,23791.13,14454.01,9337.12,39.25
288,2024-10-14 00:00:00,Finance,44560.32,27367.39,17192.93,38.58
289,2024-10-15 00:00:00,IT,47512.94,16622.35,30890.59,65.02
290,2024-10-16 00:00:00,HR,26033.07,15436.56,10596.51,40.7
291,2024-10-17 00:00:00,IT,32603.51,4058.74,28544.77,87.55
292,2024-10-18 00:00:00,Sales,12516.53,20046.62,-7530.09,-60.16
293,2024-10-19 00:00:00,Sales,49602.59,24840.99,24761.6,49.92
294,2024-10-20 00:00:00,HR,15425.23,12032.18,3393.05,22
295,2024-10-21 00:00:00,HR,47422.93,23492.74,23930.19,50.46
296,2024-10-22 00:00:00,Finance,34234.1,28969.82,5264.28,15.38
297,2024-10-23 00:00:00,Finance,32348.16,6909.23,25438.93,78.64
298,2024-10-24 00:00:00,IT,28070.98,16176.56,11894.42,42.37
299,2024-10-25 00:00:00,HR,15380.14,9327,6053.14,39.36
300,2024-10-26 00:00:00,Sales,12943.76,23992.78,-11049.02,-85.36
301,2024-10-27 00:00:00,Finance,14921.88,17750.21,-2828.33,-18.95
302,2024-10-28 00:00:00,Finance,13389.72,19402.89,-6013.17,-44.91
303,2024-10-29 00:00:00,Sales,40081.3,24139.51,15941.79,39.77
304,2024-10-30 00:00:00,Finance,20755.64,12483.14,8272.5,39.86
305,2024-10-31 00:00:00,IT,7602.92,27537.61,-19934.69,-262.2
306,2024-11-01 00:00:00,HR,48609.62,16457.84,32151.78,66.14
307,2024-11-02 00:00:00,Sales,44770.36,5580.69,39189.67,87.53
308,2024-11-03 00:00:00,HR,46748.85,21181.07,25567.78,54.69
309,2024-11-04 00:00:00,Finance,49770.85,24004.58,25766.27,51.77
310,2024-11-05 00:00:00,Finance,12825.29,10186.09,2639.2,20.58
311,2024-11-06 00:00:00,Sales,22830.89,25858.2,-3027.31,-13.26
312,2024-11-07 00:00:00,IT,39120.73,27278.15,11842.58,30.27
313,2024-11-08 00:00:00,Marketing,36320.93,9030.23,27290.7,75.14
314,2024-11-09 00:00:00,Sales,11925.32,29522.12,-17596.8,-147.56
315,2024-11-10 00:00:00,Marketing,41712.49,5080.63,36631.86,87.82
316,2024-11-11 00:00:00,Marketing,15099.83,6858.45,8241.38,54.58
317,2024-11-12 00:00:00,IT,15071.79,6342.52,8729.27,57.92
318,2024-11-13 00:00:00,Marketing,29163.85,26925.7,2238.15,7.67
319,2024-11-14 00:00:00,Marketing,31682.3,19974.48,11707.82,36.95
320,2024-11-15 00:00:00,IT,31103.88,5411.02,25692.86,82.6
321,2024-11-16 00:00:00,Marketing,9116.91,13769.38,-4652.47,-51.03
322,2024-11-17 00:00:00,Marketing,44485.74,18843.64,25642.1,57.64
323,2024-11-18 00:00:00,Marketing,16952,3420.46,13531.54,79.82
324,2024-11-19 00:00:00,Sales,10828.17,26590.07,-15761.9,-145.56
325,2024-11-20 00:00:00,Sales,44993.66,24304.5,20689.16,45.98
326,2024-11-21 00:00:00,Sales,48004.32,15651,32353.32,67.4
327,2024-11-22 00:00:00,IT,43795.74,29046.67,14749.07,33.68
328,2024-11-23 00:00:00,Finance,41428.22,13115.07,28313.15,68.34
329,2024-11-24 00:00:00,Marketing,34485.89,29539.2,4946.69,14.34
330,2024-11-25 00:00:00,Marketing,29788.58,20369.68,9418.9,31.62
331,2024-11-26 00:00:00,IT,8914.4,19405.47,-10491.07,-117.69
332,2024-11-27 00:00:00,Marketing,23380.39,5812.69,17567.7,75.14
333,2024-11-28 00:00:00,Sales,21770.98,26575.9,-4804.92,-22.07
334,2024-11-29 00:00:00,Finance,16688.92,13397.2,3291.72,19.72
335,2024-11-30 00:00:00,HR,37553.91,5704.77,31849.14,84.81
336,2024-12-01 00:00:00,Marketing,27314.41,1365.62,25948.79,95
337,2024-12-02 00:00:00,Sales,8647.08,17232.91,-8585.83,-99.29
338,2024-12-03 00:00:00,HR,14908.24,16294.59,-1386.35,-9.3
339,2024-12-04 00:00:00,Finance,35746.64,21861.26,13885.38,38.84
340,2024-12-05 00:00:00,HR,8425.89,26817.48,-18391.59,-218.27
341,2024-12-06 00:00:00,Sales,43304.31,3302.79,40001.52,92.37
342,2024-12-07 00:00:00,HR,27281.59,22213.4,5068.19,18.58
343,2024-12-08 00:00:00,IT,26626.4,6434.95,20191.45,75.83
344,2024-12-09 00:00:00,HR,31658.35,25887.13,5771.22,18.23
345,2024-12-10 00:00:00,Marketing,42110.64,24752.84,17357.8,41.22
346,2024-12-11 00:00:00,Marketing,20651.41,16683.02,3968.39,19.22
347,2024-12-12 00:00:00,IT,35510.73,21597.04,13913.69,39.18
348,2024-12-13 00:00:00,Sales,30457.94,10116.15,20341.79,66.79
349,2024-12-14 00:00:00,Marketing,17016.27,14663.87,2352.4,13.82
350,2024-12-15 00:00:00,Finance,44538.35,24827.47,19710.88,44.26
351,2024-12-16 00:00:00,Marketing,40884.17,14318.69,26565.48,64.98
352,2024-12-17 00:00:00,Marketing,34630.33,11376.15,23254.18,67.15
353,2024-12-18 00:00:00,Sales,43276.18,15332.16,27944.02,64.57
354,2024-12-19 00:00:00,HR,44028.24,25019.23,19009.01,43.17
355,2024-12-20 00:00:00,Marketing,36876.33,10721.03,26155.3,70.93
356,2024-12-21 00:00:00,IT,42665.6,6039.09,36626.51,85.85
357,2024-12-22 00:00:00,HR,36386.22,21648.41,14737.81,40.5
358,2024-12-23 00:00:00,Finance,35606.33,24953.37,10652.96,29.92
359,2024-12-24 00:00:00,Sales,32837.51,3918.49,28919.02,88.07
360,2024-12-25 00:00:00,Finance,38872.25,7956.35,30915.9,79.53
361,2024-12-26 00:00:00,HR,12137.23,5117.19,7020.04,57.84
362,2024-12-27 00:00:00,HR,44639.18,11090.3,33548.88,75.16
363,2024-12-28 00:00:00,HR,44232.96,14060.18,30172.78,68.21
364,2024-12-29 00:00:00,Finance,6316.13,22715.96,-16399.83,-259.65
365,2024-12-30 00:00:00,HR,42161.75,19883.28,22278.47,52.84
366,2024-12-31 00:00:00,Finance,10799.14,19006.93,-8207.79,-76
367,2025-01-01 00:00:00,HR,20080.35,11218.87,8861.48,44.13
368,2025-01-02 00:00:00,IT,38457.87,25401.98,13055.89,33.95
369,2025-01-03 00:00:00,HR,12234.2,14667.33,-2433.13,-19.89
370,2025-01-04 00:00:00,Finance,41808.52,29394.04,12414.48,29.69
371,2025-01-05 00:00:00,Marketing,42446.04,19390.12,23055.92,54.32
372,2025-01-06 00:00:00,HR,27836.05,4661.68,23174.37,83.25
373,2025-01-07 00:00:00,Marketing,5287.36,20609.15,-15321.79,-289.78
374,2025-01-08 00:00:00,IT,17916.72,10428.02,7488.7,41.8
375,2025-01-09 00:00:00,Sales,32761.71,20903.49,11858.22,36.2
376,2025-01-10 00:00:00,IT,49153.38,3019.59,46133.79,93.86
377,2025-01-11 00:00:00,HR,33431.61,6071.56,27360.05,81.84
378,2025-01-12 00:00:00,Marketing,16691.16,25816.38,-9125.22,-54.67
379,2025-01-13 00:00:00,Marketing,33530.26,7588.21,25942.05,77.37
380,2025-01-14 00:00:00,Finance,29299.34,25274.19,4025.15,13.74
381,2025-01-15 00:00:00,Marketing,40093.04,9099.01,30994.03,77.31
382,2025-01-16 00:00:00,Finance,9814.13,19643.58,-9829.45,-100.16
383,2025-01-17 00:00:00,Sales,39246.26,21130.37,18115.89,46.16
384,2025-01-18 00:00:00,HR,29357,15866.99,13490.01,45.95
385,2025-01-19 00:00:00,Finance,48334.64,9854.01,38480.63,79.61
386,2025-01-20 00:00:00,Sales,20384.25,7166.69,13217.56,64.84
387,2025-01-21 00:00:00,Marketing,33467.99,1962.49,31505.5,94.14
388,2025-01-22 00:00:00,Marketing,46941.26,9814.45,37126.81,79.09
389,2025-01-23 00:00:00,Sales,9612.94,19941.72,-10328.78,-107.45
390,2025-01-24 00:00:00,Marketing,47175.28,28210.84,18964.44,40.2
391,2025-01-25 00:00:00,Sales,35954.86,26264.93,9689.93,26.95
392,2025-01-26 00:00:00,Finance,8052.67,23215.88,-15163.21,-188.3
393,2025-01-27 00:00:00,Finance,18543.36,23864.97,-5321.61,-28.7
394,2025-01-28 00:00:00,Sales,36867.74,20284.56,16583.18,44.98
395,2025-01-29 00:00:00,Finance,8030.78,8548.32,-517.54,-6.44
396,2025-01-30 00:00:00,Finance,31197.67,27308.66,3889.01,12.47
397,2025-01-31 00:00:00,Finance,20564.74,20451.24,113.5,0.55
398,2025-02-01 00:00:00,IT,32941.2,17252.78,15688.42,47.63
399,2025-02-02 00:00:00,HR,7058.39,4218.69,2839.7,40.23
400,2025-02-03 00:00:00,Marketing,44219.16,13964.61,30254.55,68.42
401,2025-02-04 00:00:00,IT,48807,14350.39,34456.61,70.6
402,2025-02-05 00:00:00,Finance,48599.5,26072.34,22527.16,46.35
403,2025-02-06 00:00:00,Sales,38734.33,16852.8,21881.53,56.49
404,2025-02-07 00:00:00,Finance,10853.88,12031.62,-1177.74,-10.85
405,2025-02-08 00:00:00,HR,39121.84,29327.21,9794.63,25.04
406,2025-02-09 00:00:00,Finance,6106.41,4210.9,1895.51,31.04
407,2025-02-10 00:00:00,Sales,5995.56,13253.9,-7258.34,-121.06
408,2025-02-11 00:00:00,HR,19562.46,2218.72,17343.74,88.66
409,2025-02-12 00:00:00,Finance,26988.94,22457.22,4531.72,16.79
410,2025-02-13 00:00:00,HR,39668.33,27624.22,12044.11,30.36
411,2025-02-14 00:00:00,Marketing,35748.29,9121.08,26627.21,74.49
412,2025-02-15 00:00:00,Marketing,25065.62,25891.91,-826.29,-3.3
413,2025-02-16 00:00:00,Finance,17313.2,9474.33,7838.87,45.28
414,2025-02-17 00:00:00,HR,49870.6,27412.33,22458.27,45.03
415,2025-02-18 00:00:00,Sales,24178.16,22864.9,1313.26,5.43
416,2025-02-19 00:00:00,Finance,25312.42,24342.3,970.12,3.83
417,2025-02-20 00:00:00,Marketing,12363.07,1522.19,10840.88,87.69
418,2025-02-21 00:00:00,Marketing,40766.43,28921.5,11844.93,29.06
419,2025-02-22 00:00:00,Finance,36215.7,22073.46,14142.24,39.05
420,2025-02-23 00:00:00,HR,14934.63,9837.78,5096.85,34.13
421,2025-02-24 00:00:00,Marketing,8707.15,25052.45,-16345.3,-187.72
422,2025-02-25 00:00:00,HR,35622.47,9164.11,26458.36,74.27
423,2025-02-26 00:00:00,Marketing,34453,26309.86,8143.14,23.64
424,2025-02-27 00:00:00,Marketing,17296.68,4264.83,13031.85,75.34
425,2025-02-28 00:00:00,IT,47788.86,21406.89,26381.97,55.21
426,2025-03-01 00:00:00,Marketing,11797.61,16680.26,-4882.65,-41.39
427,2025-03-02 00:00:00,Sales,24455.07,3799.5,20655.57,84.46
428,2025-03-03 00:00:00,Finance,47462.72,8014.92,39447.8,83.11
429,2025-03-04 00:00:00,Finance,23887.73,1359.72,22528.01,94.31
430,2025-03-05 00:00:00,HR,33733.67,14594.27,19139.4,56.74
431,2025-03-06 00:00:00,Marketing,22891.75,9736.69,13155.06,57.47
432,2025-03-07 00:00:00,Sales,17339.68,18352.37,-1012.69,-5.84
433,2025-03-08 00:00:00,HR,49278.99,9619.9,39659.09,80.48
434,2025-03-09 00:00:00,IT,23420.03,9697.65,13722.38,58.59
435,2025-03-10 00:00:00,HR,45234.46,22552.6,22681.86,50.14
436,2025-03-11 00:00:00,HR,15347.96,2396.14,12951.82,84.39
437,2025-03-12 00:00:00,Marketing,14589.71,27183.95,-12594.24,-86.32
438,2025-03-13 00:00:00,IT,6401.03,25715.65,-19314.62,-301.74
439,2025-03-14 00:00:00,HR,34325.01,20366.34,13958.67,40.67
440,2025-03-15 00:00:00,Sales,21583.69,18203.43,3380.26,15.66
441,2025-03-16 00:00:00,Sales,43896.12,26876.77,17019.35,38.77
442,2025-03-17 00:00:00,Finance,26294.45,6374.58,19919.87,75.76
443,2025-03-18 00:00:00,IT,48568.7,3290.11,45278.59,93.23
444,2025-03-19 00:00:00,IT,13348.65,7945.79,5402.86,40.47
445,2025-03-20 00:00:00,Finance,44088.04,24042.77,20045.27,45.47
446,2025-03-21 00:00:00,HR,39946.86,2005.44,37941.42,94.98
447,2025-03-22 00:00:00,IT,39691.48,17901.4,21790.08,54.9
448,2025-03-23 00:00:00,Sales,43015.25,29867.69,13147.56,30.56
449,2025-03-24 00:00:00,Sales,39246.08,25815.19,13430.89,34.22
450,2025-03-25 00:00:00,Marketing,33179.91,16121.92,17057.99,51.41
451,2025-03-26 00:00:00,IT,10906.02,2845.59,8060.43,73.91
452,2025-03-27 00:00:00,HR,6463.68,25109.83,-18646.15,-288.48
453,2025-03-28 00:00:00,Finance,46438.15,18370.38,28067.77,60.44
454,2025-03-29 00:00:00,Finance,32749.26,4333.06,28416.2,86.77
455,2025-03-30 00:00:00,HR,40844.18,3721.86,37122.32,90.89
456,2025-03-31 00:00:00,Marketing,26668.51,27379.18,-710.67,-2.66
457,2025-04-01 00:00:00,Finance,10278.87,20406.81,-10127.94,-98.53
458,2025-04-02 00:00:00,IT,10633.36,25049.32,-14415.96,-135.57
459,2025-04-03 00:00:00,Marketing,35850.44,26490.39,9360.05,26.11
460,2025-04-04 00:00:00,IT,24363.77,17581.4,6782.37,27.84
461,2025-04-05 00:00:00,Sales,14023.61,16005.94,-1982.33,-14.14
462,2025-04-06 00:00:00,Marketing,27121.75,13482.39,13639.36,50.29
463,2025-04-07 00:00:00,Finance,7889.4,10191.45,-2302.05,-29.18
464,2025-04-08 00:00:00,Marketing,31188.71,13603.28,17585.43,56.38
465,2025-04-09 00:00:00,Marketing,17104.7,23442.51,-6337.81,-37.05
466,2025-04-10 00:00:00,Marketing,40890.16,18455.78,22434.38,54.86
467,2025-04-11 00:00:00,Marketing,18966.29,26883.18,-7916.89,-41.74
468,2025-04-12 00:00:00,IT,25484.91,13858.02,11626.89,45.62
469,2025-04-13 00:00:00,Sales,5522.92,18605.6,-13082.68,-236.88
470,2025-04-14 00:00:00,HR,8260.11,19307.92,-11047.81,-133.75
471,2025-04-15 00:00:00,Marketing,22662.21,18159.22,4502.99,19.87
472,2025-04-16 00:00:00,Finance,26597.25,21376.38,5220.87,19.63
473,2025-04-17 00:00:00,Marketing,32000.92,7885.57,24115.35,75.36
474,2025-04-18 00:00:00,Finance,18124.82,15858.55,2266.27,12.5
475,2025-04-19 00:00:00,IT,36274.18,4022.52,32251.66,88.91
476,2025-04-20 00:00:00,Finance,43705.51,12150.83,31554.68,72.2
477,2025-04-21 00:00:00,HR,40093.29,15142.34,24950.95,62.23
478,2025-04-22 00:00:00,Sales,6782.85,19914.5,-13131.65,-193.6
479,2025-04-23 00:00:00,Finance,26622.81,28565.4,-1942.59,-7.3
480,2025-04-24 00:00:00,Finance,9721.86,18418.88,-8697.02,-89.46
481,2025-04-25 00:00:00,Sales,15892.03,22564.22,-6672.19,-41.98
482,2025-04-26 00:00:00,HR,49399.82,15681.72,33718.1,68.26
483,2025-04-27 00:00:00,Marketing,11412.3,19389.02,-7976.72,-69.9
484,2025-04-28 00:00:00,Finance,27449.97,3057.03,24392.94,88.86
485,2025-04-29 00:00:00,Sales,32817.01,8377.36,24439.65,74.47
486,2025-04-30 00:00:00,IT,36610.92,11493.74,25117.18,68.61
487,2025-05-01 00:00:00,Sales,30184.19,14702.31,15481.88,51.29
488,2025-05-02 00:00:00,IT,5439.69,2323.81,3115.88,57.28
489,2025-05-03 00:00:00,HR,19690.76,5060.7,14630.06,74.3
490,2025-05-04 00:00:00,Marketing,28297.02,9027.61,19269.41,68.1
491,2025-05-05 00:00:00,Sales,8953.99,29174.45,-20220.46,-225.83
492,2025-05-06 00:00:00,Finance,20778.21,10609.06,10169.15,48.94
493,2025-05-07 00:00:00,HR,6494.14,14979.19,-8485.05,-130.66
494,2025-05-08 00:00:00,Sales,8536.03,6686.83,1849.2,21.66
495,2025-05-09 00:00:00,Finance,22861.55,18712.62,4148.93,18.15
496,2025-05-10 00:00:00,Sales,10972.21,9139.81,1832.4,16.7
497,2025-05-11 00:00:00,IT,30539.34,7002.78,23536.56,77.07
498,2025-05-12 00:00:00,Sales,36025.92,15980.61,20045.31,55.64
499,2025-05-13 00:00:00,Sales,41026.4,1159.67,39866.73,97.17
500,2025-05-14 00:00:00,Sales,14006.76,1222.26,12784.5,91.27
501,2025-05-15 00:00:00,HR,12536.72,7353,5183.72,41.35
502,2025-05-16 00:00:00,Sales,9705.55,2064.92,7640.63,78.72
503,2025-05-17 00:00:00,Finance,33639.36,4132.75,29506.61,87.71
504,2025-05-18 00:00:00,IT,36791.41,10826.96,25964.45,70.57
505,2025-05-19 00:00:00,IT,6421.38,24274.98,-17853.6,-278.03
506,2025-05-20 00:00:00,Sales,47129.55,17589.41,29540.14,62.68
507,2025-05-21 00:00:00,HR,7338.71,15867.36,-8528.65,-116.21
508,2025-05-22 00:00:00,HR,29358.34,9511.18,19847.16,67.6
509,2025-05-23 00:00:00,Finance,36907.72,28020.86,8886.86,24.08
510,2025-05-24 00:00:00,Sales,44193.61,12513.44,31680.17,71.68
511,2025-05-25 00:00:00,IT,37133.91,3525.69,33608.22,90.51
512,2025-05-26 00:00:00,HR,41077.76,18894.93,22182.83,54
513,2025-05-27 00:00:00,Sales,20275.26,4301.31,15973.95,78.79
514,2025-05-28 00:00:00,HR,41667.13,11011.47,30655.66,73.57
515,2025-05-29 00:00:00,HR,8605.17,15714.95,-7109.78,-82.62
516,2025-05-30 00:00:00,IT,45266.75,26352.45,18914.3,41.78
517,2025-05-31 00:00:00,Marketing,29641.66,15312.85,14328.81,48.34
518,2025-06-01 00:00:00,Finance,41778.4,21365.5,20412.9,48.86
519,2025-06-02 00:00:00,Finance,25354.32,29791.69,-4437.37,-17.5
520,2025-06-03 00:00:00,IT,33961,4813.18,29147.82,85.83
521,2025-06-04 00:00:00,HR,28688.12,8967.21,19720.91,68.74
522,2025-06-05 00:00:00,Sales,37921.53,12442.71,25478.82,67.19
523,2025-06-06 00:00:00,HR,8673.35,13233.02,-4559.67,-52.57
524,2025-06-07 00:00:00,IT,7715.84,12919.61,-5203.77,-67.44
525,2025-06-08 00:00:00,Finance,16119.65,27320.72,-11201.07,-69.49
526,2025-06-09 00:00:00,HR,12179.51,21706.95,-9527.44,-78.23
527,2025-06-10 00:00:00,Finance,44230.26,18629.25,25601.01,57.88
528,2025-06-11 00:00:00,Sales,14864.63,9971.81,4892.82,32.92
529,2025-06-12 00:00:00,Finance,48913.94,24889.92,24024.02,49.11
530,2025-06-13 00:00:00,Finance,20160.31,28696.75,-8536.44,-42.34
531,2025-06-14 00:00:00,Marketing,13195.31,24814.75,-11619.44,-88.06
532,2025-06-15 00:00:00,Marketing,40536.43,1045.39,39491.04,97.42
533,2025-06-16 00:00:00,Marketing,34641.85,19455.64,15186.21,43.84
534,2025-06-17 00:00:00,Finance,27418.81,2482.93,24935.88,90.94
535,2025-06-18 00:00:00,IT,29991.36,8470.61,21520.75,71.76
536,2025-06-19 00:00:00,Finance,37364.08,2726.22,34637.86,92.7
537,2025-06-20 00:00:00,IT,15280.46,18510.07,-3229.61,-21.14
538,2025-06-21 00:00:00,IT,49835.03,20911.11,28923.92,58.04
539,2025-06-22 00:00:00,Marketing,48865.69,4320.14,44545.55,91.16
540,2025-06-23 00:00:00,HR,34264.66,12131.33,22133.33,64.6
541,2025-06-24 00:00:00,Sales,13979.41,14230.86,-251.45,-1.8
542,2025-06-25 00:00:00,Marketing,35610.27,11702.54,23907.73,67.14
543,2025-06-26 00:00:00,Marketing,8248.93,4509.73,3739.2,45.33
544,2025-06-27 00:00:00,HR,6379.36,13149.49,-6770.13,-106.13
545,2025-06-28 00:00:00,Sales,16595.73,22784.16,-6188.43,-37.29
546,2025-06-29 00:00:00,Finance,25818.03,3059.22,22758.81,88.15
547,2025-06-30 00:00:00,Finance,44072.26,3325.22,40747.04,92.46
548,2025-07-01 00:00:00,Marketing,37722.61,11288.37,26434.24,70.08
549,2025-07-02 00:00:00,Sales,38421.79,28310.05,10111.74,26.32
550,2025-07-03 00:00:00,Marketing,24147.2,20388.61,3758.59,15.57
551,2025-07-04 00:00:00,IT,20567.07,20681.43,-114.36,-0.56
552,2025-07-05 00:00:00,Marketing,21696.74,11495.68,10201.06,47.02
553,2025-07-06 00:00:00,Marketing,49444.23,18216.16,31228.07,63.16
554,2025-07-07 00:00:00,Finance,6804.91,1293.8,5511.11,80.99
555,2025-07-08 00:00:00,Finance,44016.42,19446.79,24569.63,55.82
556,2025-07-09 00:00:00,Finance,31040.39,27485.32,3555.07,11.45
557,2025-07-10 00:00:00,IT,24737.69,18764.63,5973.06,24.15
558,2025-07-11 00:00:00,Finance,37636.59,26337.26,11299.33,30.02
559,2025-07-12 00:00:00,Sales,26900.1,21995.22,4904.88,18.23
560,2025-07-13 00:00:00,HR,44304.05,4496.19,39807.86,89.85
561,2025-07-14 00:00:00,Sales,45531.58,27171.15,18360.43,40.32
562,2025-07-15 00:00:00,Sales,23977.44,2926.87,21050.57,87.79
563,2025-07-16 00:00:00,Finance,17457.25,16485.06,972.19,5.57
564,2025-07-17 00:00:00,HR,31655.76,5121.98,26533.78,83.82
565,2025-07-18 00:00:00,HR,46056.35,1339.49,44716.86,97.09
566,2025-07-19 00:00:00,HR,14479.8,13238.99,1240.81,8.57
567,2025-07-20 00:00:00,IT,33033.5,9556.18,23477.32,71.07
568,2025-07-21 00:00:00,Finance,33420.21,15094.01,18326.2,54.84
569,2025-07-22 00:00:00,HR,37990.09,17738.8,20251.29,53.31
570,2025-07-23 00:00:00,IT,10920.55,2268.43,8652.12,79.23
571,2025-07-24 00:00:00,Marketing,37212.12,4567.1,32645.02,87.73
572,2025-07-25 00:00:00,Marketing,45906.46,17200.63,28705.83,62.53
573,2025-07-26 00:00:00,IT,13085.74,10951.85,2133.89,16.31
574,2025-07-27 00:00:00,IT,15689.45,22146.03,-6456.58,-41.15
575,2025-07-28 00:00:00,Finance,48712.78,19916.46,28796.32,59.11
576,2025-07-29 00:00:00,Finance,13143.96,25522.53,-12378.57,-94.18
577,2025-07-30 00:00:00,Marketing,43447.33,21082.29,22365.04,51.48
578,2025-07-31 00:00:00,HR,27152.5,13468,13684.5,50.4
579,2025-08-01 00:00:00,Marketing,16125.4,20516.03,-4390.63,-27.23
580,2025-08-02 00:00:00,HR,44183.75,8986.05,35197.7,79.66
581,2025-08-03 00:00:00,HR,25038.74,9883.09,15155.65,60.53
582,2025-08-04 00:00:00,Finance,28166.78,23880.57,4286.21,15.22
583,2025-08-05 00:00:00,Sales,21165.5,13946.17,7219.33,34.11
584,2025-08-06 00:00:00,Sales,31682.79,24153.03,7529.76,23.77
585,2025-08-07 00:00:00,IT,12358.57,24850.25,-12491.68,-101.08
586,2025-08-08 00:00:00,Finance,22598.67,25869.31,-3270.64,-14.47
587,2025-08-09 00:00:00,HR,48623.55,27582.42,21041.13,43.27
588,2025-08-10 00:00:00,Sales,16616,13498.57,3117.43,18.76
589,2025-08-11 00:00:00,HR,34553.15,10247.14,24306.01,70.34
590,2025-08-12 00:00:00,Sales,19633.55,17883.76,1749.79,8.91
591,2025-08-13 00:00:00,Sales,39806.29,11764,28042.29,70.45
592,2025-08-14 00:00:00,Sales,10889.31,18431.15,-7541.84,-69.26
593,2025-08-15 00:00:00,Finance,48641.95,21461.99,27179.96,55.88
594,2025-08-16 00:00:00,Marketing,25420.53,20963.75,4456.78,17.53
595,2025-08-17 00:00:00,HR,15622.27,11862.03,3760.24,24.07
596,2025-08-18 00:00:00,Finance,8307.35,5838.95,2468.4,29.71
597,2025-08-19 00:00:00,Finance,12639.11,13485.35,-846.24,-6.7
598,2025-08-20 00:00:00,Finance,28389.83,5135.23,23254.6,81.91
599,2025-08-21 00:00:00,Finance,20165.14,26812.81,-6647.67,-32.97
600,2025-08-22 00:00:00,Finance,42299.75,11030.45,31269.3,73.92
601,2025-08-23 00:00:00,IT,24389.94,5479.33,18910.61,77.53
602,2025-08-24 00:00:00,HR,16192.14,1737.99,14454.15,89.27
603,2025-08-25 00:00:00,Finance,32771.52,19728.85,13042.67,39.8
604,2025-08-26 00:00:00,HR,36804.97,19470.17,17334.8,47.1
605,2025-08-27 00:00:00,IT,12516.89,10877.52,1639.37,13.1
606,2025-08-28 00:00:00,IT,12542.86,3079.64,9463.22,75.45
607,2025-08-29 00:00:00,HR,6650.21,12879.24,-6229.03,-93.67
608,2025-08-30 00:00:00,Sales,38138.09,10025.31,28112.78,73.71
609,2025-08-31 00:00:00,Marketing,34871.2,20636.5,14234.7,40.82
610,2025-09-01 00:00:00,Sales,26358.39,18567.6,7790.79,29.56
611,2025-09-02 00:00:00,Sales,42987.67,11573.22,31414.45,73.08
612,2025-09-03 00:00:00,Sales,41255.16,7318.88,33936.28,82.26
613,2025-09-04 00:00:00,Finance,31340.95,29653.04,1687.91,5.39
614,2025-09-05 00:00:00,IT,44072.21,14166.05,29906.16,67.86
615,2025-09-06 00:00:00,Sales,14262.85,20959.95,-6697.1,-46.95
616,2025-09-07 00:00:00,IT,10036.38,5076.04,4960.34,49.42
617,2025-09-08 00:00:00,HR,17138.73,15082.1,2056.63,12
618,2025-09-09 00:00:00,Marketing,7568.91,1798.56,5770.35,76.24
619,2025-09-10 00:00:00,HR,28902.63,15658.2,13244.43,45.82
620,2025-09-11 00:00:00,HR,47147.26,28956.5,18190.76,38.58
621,2025-09-12 00:00:00,Finance,6770.46,12141.99,-5371.53,-79.34
622,2025-09-13 00:00:00,Marketing,10494.95,2130.88,8364.07,79.7
623,2025-09-14 00:00:00,HR,25348.96,1897.72,23451.24,92.51
624,2025-09-15 00:00:00,HR,47024.38,12251.62,34772.76,73.95
625,2025-09-16 00:00:00,Marketing,19227.02,5640.72,13586.3,70.66
626,2025-09-17 00:00:00,Marketing,27825.57,1677.21,26148.36,93.97
627,2025-09-18 00:00:00,HR,6870.78,22930.19,-16059.41,-233.73
628,2025-09-19 00:00:00,Marketing,11675.44,14297.17,-2621.73,-22.46
629,2025-09-20 00:00:00,HR,49398.36,9388.1,40010.26,81
630,2025-09-21 00:00:00,HR,48430.34,27102.41,21327.93,44.04
631,2025-09-22 00:00:00,Finance,5222.3,4368.03,854.27,16.36
632,2025-09-23 00:00:00,Sales,47831.53,28721.65,19109.88,39.95
633,2025-09-24 00:00:00,HR,33760.4,10105.03,23655.37,70.07
634,2025-09-25 00:00:00,IT,44056.32,26763.71,17292.61,39.25
635,2025-09-26 00:00:00,Sales,25463.29,18485.34,6977.95,27.4
636,2025-09-27 00:00:00,Sales,28201.82,24974.51,3227.31,11.44
637,2025-09-28 00:00:00,Sales,26998.1,29536.38,-2538.28,-9.4
638,2025-09-29 00:00:00,Finance,35008.89,9363.76,25645.13,73.25
639,2025-09-30 00:00:00,HR,11284.31,28872.93,-17588.62,-155.87
640,2025-10-01 00:00:00,Finance,6348.81,12294.97,-5946.16,-93.66
641,2025-10-02 00:00:00,HR,18856.85,12179.85,6677,35.41
642,2025-10-03 00:00:00,Finance,36710.63,10871.23,25839.4,70.39
643,2025-10-04 00:00:00,Finance,14083.41,16700.82,-2617.41,-18.59
644,2025-10-05 00:00:00,IT,35304.46,5470.21,29834.25,84.51
645,2025-10-06 00:00:00,Finance,48646.04,17057.63,31588.41,64.94
646,2025-10-07 00:00:00,Marketing,9225.53,16709.44,-7483.91,-81.12
647,2025-10-08 00:00:00,IT,35267.1,23095.15,12171.95,34.51
648,2025-10-09 00:00:00,Finance,24968.76,25175.85,-207.09,-0.83
649,2025-10-10 00:00:00,Sales,44066.4,13772.8,30293.6,68.75
650,2025-10-11 00:00:00,Marketing,12971.74,9767.66,3204.08,24.7
651,2025-10-12 00:00:00,Marketing,36168.17,8520.71,27647.46,76.44
652,2025-10-13 00:00:00,Marketing,42715.19,6644.09,36071.1,84.45
653,2025-10-14 00:00:00,IT,47507.64,2671.78,44835.86,94.38
654,2025-10-15 00:00:00,Finance,35746.16,10930.99,24815.17,69.42
655,2025-10-16 00:00:00,Finance,27372.86,8837.18,18535.68,67.72
656,2025-10-17 00:00:00,Sales,32803.13,29026.1,3777.03,11.51
657,2025-10-18 00:00:00,Sales,44100.72,17173.56,26927.16,61.06
658,2025-10-19 00:00:00,Marketing,30677.44,11071.03,19606.41,63.91
659,2025-10-20 00:00:00,Sales,6367.42,17833.56,-11466.14,-180.08
660,2025-10-21 00:00:00,IT,46892.69,5036.7,41855.99,89.26
661,2025-10-22 00:00:00,Finance,36028.7,13877.27,22151.43,61.48
662,2025-10-23 00:00:00,Marketing,35443.1,19160.8,16282.3,45.94
663,2025-10-24 00:00:00,Sales,14705.38,15178.04,-472.66,-3.21
664,2025-10-25 00:00:00,IT,34649.85,12651.59,21998.26,63.49
665,2025-10-26 00:00:00,IT,22723.9,29821.6,-7097.7,-31.23
666,2025-10-27 00:00:00,Sales,34305.48,26529.13,7776.35,22.67
667,2025-10-28 00:00:00,Finance,9796.69,19078.77,-9282.08,-94.75
668,2025-10-29 00:00:00,Sales,34603.04,17511.94,17091.1,49.39
669,2025-10-30 00:00:00,Marketing,49973.62,18999.15,30974.47,61.98
670,2025-10-31 00:00:00,Sales,7169.54,6838.05,331.49,4.62
671,2025-11-01 00:00:00,IT,48972.84,12458.99,36513.85,74.56
672,2025-11-02 00:00:00,Sales,23310.86,2144.33,21166.53,90.8
673,2025-11-03 00:00:00,Finance,44183.91,14790.84,29393.07,66.52
674,2025-11-04 00:00:00,HR,40207.35,16747.71,23459.64,58.35
675,2025-11-05 00:00:00,Sales,30515.73,7604.74,22910.99,75.08
676,2025-11-06 00:00:00,Finance,38230.21,28956.84,9273.37,24.26
677,2025-11-07 00:00:00,Finance,44533.2,27374.18,17159.02,38.53
678,2025-11-08 00:00:00,IT,23186.31,21942.15,1244.16,5.37
679,2025-11-09 00:00:00,Finance,19716.49,16468.21,3248.28,16.47
680,2025-11-10 00:00:00,Finance,35041.7,26229.11,8812.59,25.15
681,2025-11-11 00:00:00,Finance,41353.07,4788.92,36564.15,88.42
682,2025-11-12 00:00:00,Finance,39302.83,23924.78,15378.05,39.13
683,2025-11-13 00:00:00,Marketing,40901.61,4619.8,36281.81,88.71
684,2025-11-14 00:00:00,Marketing,24601.25,24032.11,569.14,2.31
685,2025-11-15 00:00:00,IT,41802.54,8997.26,32805.28,78.48
686,2025-11-16 00:00:00,Sales,10409.41,26435.63,-16026.22,-153.96
687,2025-11-17 00:00:00,Finance,29502.01,28377.22,1124.79,3.81
688,2025-11-18 00:00:00,Sales,5259.14,5315.08,-55.94,-1.06
689,2025-11-19 00:00:00,Sales,19606.36,14417.59,5188.77,26.46
690,2025-11-20 00:00:00,IT,21490.77,29448.63,-7957.86,-37.03
691,2025-11-21 00:00:00,Finance,22827.77,15018.82,7808.95,34.21
692,2025-11-22 00:00:00,Finance,36296.02,26042.88,10253.14,28.25
693,2025-11-23 00:00:00,HR,22485.11,18073.21,4411.9,19.62
694,2025-11-24 00:00:00,Sales,25191.21,11884.57,13306.64,52.82
695,2025-11-25 00:00:00,Sales,15689.49,9287.72,6401.77,40.8
696,2025-11-26 00:00:00,Marketing,21796.33,6893.47,14902.86,68.37
697,2025-11-27 00:00:00,HR,15227.13,23092.15,-7865.02,-51.65
698,2025-11-28 00:00:00,Marketing,8293.82,12209.67,-3915.85,-47.21
699,2025-11-29 00:00:00,Marketing,32155.19,15826.99,16328.2,50.78
700,2025-11-30 00:00:00,Marketing,35069.58,15277.44,19792.14,56.44
701,2025-12-01 00:00:00,IT,32877.07,17741.09,15135.98,46.04
702,2025-12-02 00:00:00,IT,25857.23,26101.74,-244.51,-0.95
703,2025-12-03 00:00:00,Marketing,22090.36,29441.44,-7351.08,-33.28
704,2025-12-04 00:00:00,HR,43850.01,12819.94,31030.07,70.76
705,2025-12-05 00:00:00,Sales,28358.68,24998.05,3360.63,11.85
706,2025-12-06 00:00:00,HR,26563.18,23171.31,3391.87,12.77
707,2025-12-07 00:00:00,Finance,6153.89,17632.34,-11478.45,-186.52
708,2025-12-08 00:00:00,IT,20356.15,28725.37,-8369.22,-41.11
709,2025-12-09 00:00:00,Sales,22108.8,6813.76,15295.04,69.18
710,2025-12-10 00:00:00,Sales,22947.03,4168.66,18778.37,81.83
711,2025-12-11 00:00:00,Finance,31107.76,25764.9,5342.86,17.18
712,2025-12-12 00:00:00,Finance,29012.11,13735.34,15276.77,52.66
713,2025-12-13 00:00:00,Marketing,32355.73,25562.1,6793.63,21
714,2025-12-14 00:00:00,IT,39419.75,26899.62,12520.13,31.76
715,2025-12-15 00:00:00,IT,41584.36,2811.27,38773.09,93.24
716,2025-12-16 00:00:00,HR,37315.54,26620.48,10695.06,28.66
717,2025-12-17 00:00:00,Marketing,47998.57,14001.25,33997.32,70.83
718,2025-12-18 00:00:00,Marketing,5820.47,15802.54,-9982.07,-171.5
719,2025-12-19 00:00:00,Marketing,13810.01,19171.18,-5361.17,-38.82
720,2025-12-20 00:00:00,Marketing,5340.33,27865.1,-22524.77,-421.79
721,2025-12-21 00:00:00,IT,34136.36,1554.37,32581.99,95.45
722,2025-12-22 00:00:00,IT,45411.37,14828.46,30582.91,67.35
723,2025-12-23 00:00:00,Marketing,15956.7,20943.94,-4987.24,-31.25
724,2025-12-24 00:00:00,HR,46716.55,21958.5,24758.05,53
725,2025-12-25 00:00:00,Sales,7712.03,21083.44,-13371.41,-173.38
726,2025-12-26 00:00:00,Sales,47049.62,4898.62,42151,89.59
727,2025-12-27 00:00:00,HR,20823.02,9682.47,11140.55,53.5
728,2025-12-28 00:00:00,Marketing,9563.94,11402.75,-1838.81,-19.23
729,2025-12-29 00:00:00,IT,26864.23,24328.68,2535.55,9.44
730,2025-12-30 00:00:00,Sales,16554.95,9084.04,7470.91,45.13
731,2025-12-31 00:00:00,Finance,17819.28,7110.44,10708.84,60.1
732,2026-01-01 00:00:00,Finance,18828.05,28765.99,-9937.94,-52.78
733,2026-01-02 00:00:00,HR,41136.17,1257.04,39879.13,96.94
734,2026-01-03 00:00:00,Marketing,29262.26,29936.8,-674.54,-2.31
735,2026-01-04 00:00:00,Sales,19008.85,20627.82,-1618.97,-8.52
736,2026-01-05 00:00:00,Marketing,32465.02,25025.61,7439.41,22.92
737,2026-01-06 00:00:00,Sales,37226.78,9543.96,27682.82,74.36
738,2026-01-07 00:00:00,HR,17268.08,1415.14,15852.94,91.8
739,2026-01-08 00:00:00,HR,23609.71,22398.22,1211.49,5.13
740,2026-01-09 00:00:00,Finance,10484.87,25190.19,-14705.32,-140.25
741,2026-01-10 00:00:00,Marketing,13151.72,22473.81,-9322.09,-70.88
742,2026-01-11 00:00:00,Finance,35650.3,5142.66,30507.64,85.57
743,2026-01-12 00:00:00,Marketing,13164.73,22849.41,-9684.68,-73.57
744,2026-01-13 00:00:00,Finance,28632.35,23298.76,5333.59,18.63
745,2026-01-14 00:00:00,IT,36907.08,20097.67,16809.41,45.55
746,2026-01-15 00:00:00,IT,9809.46,23217.36,-13407.9,-136.68
747,2026-01-16 00:00:00,IT,30529.05,25531.72,4997.33,16.37
748,2026-01-17 00:00:00,IT,16545.33,18794.52,-2249.19,-13.59
749,2026-01-18 00:00:00,Sales,48331.71,3569.54,44762.17,92.61
750,2026-01-19 00:00:00,IT,26759.55,15141.21,11618.34,43.42
751,2026-01-20 00:00:00,HR,41269.66,3251.83,38017.83,92.12
752,2026-01-21 00:00:00,HR,29760.19,12818.75,16941.44,56.93
753,2026-01-22 00:00:00,Sales,6953.56,12806.09,-5852.53,-84.17
754,2026-01-23 00:00:00,IT,33491.81,2914.29,30577.52,91.3
755,2026-01-24 00:00:00,IT,47813.15,11115.8,36697.35,76.75
756,2026-01-25 00:00:00,IT,32072.53,4218.94,27853.59,86.85
757,2026-01-26 00:00:00,Finance,41863.5,24438.82,17424.68,41.62
758,2026-01-27 00:00:00,Marketing,44789.29,28482.95,16306.34,36.41
759,2026-01-28 00:00:00,Finance,15263.59,3097.18,12166.41,79.71
760,2026-01-29 00:00:00,Marketing,14542.02,28698.34,-14156.32,-97.35
761,2026-01-30 00:00:00,IT,32494.14,16154.72,16339.42,50.28
762,2026-01-31 00:00:00,IT,23496.28,9687.4,13808.88,58.77
763,2026-02-01 00:00:00,Finance,42793.76,3229,39564.76,92.45
764,2026-02-02 00:00:00,Finance,45501.04,15518.1,29982.94,65.9
765,2026-02-03 00:00:00,Marketing,20903.96,24040.95,-3136.99,-15.01
766,2026-02-04 00:00:00,HR,15659.18,21505.51,-5846.33,-37.33
767,2026-02-05 00:00:00,Marketing,40123.65,2456.55,37667.1,93.88
768,2026-02-06 00:00:00,Finance,17366.27,3114.15,14252.12,82.07
769,2026-02-07 00:00:00,Finance,42017.64,12683.33,29334.31,69.81
770,2026-02-08 00:00:00,Sales,24068.22,9563.42,14504.8,60.27
771,2026-02-09 00:00:00,Finance,35039.75,7739.15,27300.6,77.91
772,2026-02-10 00:00:00,Sales,9299.09,9149.13,149.96,1.61
773,2026-02-11 00:00:00,HR,33073.67,24301,8772.67,26.52
774,2026-02-12 00:00:00,Marketing,25329.55,27947.61,-2618.06,-10.34
775,2026-02-13 00:00:00,Marketing,31397.38,12747.98,18649.4,59.4
776,2026-02-14 00:00:00,Sales,12560.64,27277.22,-14716.58,-117.16
777,2026-02-15 00:00:00,Marketing,38159.32,10323.38,27835.94,72.95
778,2026-02-16 00:00:00,Finance,43825.87,14816.67,29009.2,66.19
779,2026-02-17 00:00:00,IT,14753.29,7554.84,7198.45,48.79
780,2026-02-18 00:00:00,Sales,9307.15,19573.81,-10266.66,-110.31
781,2026-02-19 00:00:00,Marketing,6063.74,29390.45,-23326.71,-384.69
782,2026-02-20 00:00:00,Sales,33888.72,18501.3,15387.42,45.41
783,2026-02-21 00:00:00,Sales,32319.23,11376.61,20942.62,64.8
784,2026-02-22 00:00:00,IT,29601.38,19786.71,9814.67,33.16
785,2026-02-23 00:00:00,Finance,15437.62,4564.7,10872.92,70.43
786,2026-02-24 00:00:00,Sales,22590.77,26771.11,-4180.34,-18.5
787,2026-02-25 00:00:00,Marketing,31751.44,15589.43,16162.01,50.9
788,2026-02-26 00:00:00,HR,27354.51,14031.14,13323.37,48.71
789,2026-02-27 00:00:00,Sales,49450.35,17990.08,31460.27,63.62
790,2026-02-28 00:00:00,Sales,11139.79,19118.73,-7978.94,-71.63
791,2026-03-01 00:00:00,IT,36281.5,3081.5,33200,91.51
792,2026-03-02 00:00:00,Finance,23194.34,20795.9,2398.44,10.34
793,2026-03-03 00:00:00,HR,24268.98,8016.02,16252.96,66.97
794,2026-03-04 00:00:00,Marketing,37291.9,21704.63,15587.27,41.8
795,2026-03-05 00:00:00,HR,36159.63,24853.51,11306.12,31.27
796,2026-03-06 00:00:00,Marketing,49606.52,24314.8,25291.72,50.98
797,2026-03-07 00:00:00,Finance,10777.74,17022.53,-6244.79,-57.94
798,2026-03-08 00:00:00,Marketing,9684.93,16084.93,-6400,-66.08
799,2026-03-09 00:00:00,IT,37595.25,5143.4,32451.85,86.32
800,2026-03-10 00:00:00,IT,31027.41,23485.04,7542.37,24.31
801,2026-03-11 00:00:00,IT,17337.23,8870.87,8466.36,48.83
802,2026-03-12 00:00:00,IT,8573.87,15404.17,-6830.3,-79.66
803,2026-03-13 00:00:00,HR,8854.62,9243.95,-389.33,-4.4
804,2026-03-14 00:00:00,Finance,45238.59,4881.02,40357.57,89.21
805,2026-03-15 00:00:00,Marketing,13634.03,19257.17,-5623.14,-41.24
806,2026-03-16 00:00:00,Marketing,19551.72,2575.63,16976.09,86.83
807,2026-03-17 00:00:00,IT,15199.54,22710.71,-7511.17,-49.42
808,2026-03-18 00:00:00,IT,20974.83,10210.02,10764.81,51.32
809,2026-03-19 00:00:00,Sales,8124.07,1003.91,7120.16,87.64
810,2026-03-20 00:00:00,Finance,28357.69,15822.75,12534.94,44.2
811,2026-03-21 00:00:00,HR,8042.57,2358.71,5683.86,70.67
812,2026-03-22 00:00:00,Marketing,41016.04,9008.92,32007.12,78.04
813,2026-03-23 00:00:00,Sales,15517.04,21502.32,-5985.28,-38.57
814,2026-03-24 00:00:00,Sales,29300.54,2818,26482.54,90.38
815,2026-03-25 00:00:00,Marketing,44603.56,25340.82,19262.74,43.19
816,2026-03-26 00:00:00,HR,34289.48,1110.78,33178.7,96.76
817,2026-03-27 00:00:00,Sales,28983.1,8157.89,20825.21,71.85
818,2026-03-28 00:00:00,Sales,19595.02,22486.22,-2891.2,-14.75
819,2026-03-29 00:00:00,Finance,19985.09,10171.83,9813.26,49.1
820,2026-03-30 00:00:00,HR,35126.91,3954.88,31172.03,88.74
821,2026-03-31 00:00:00,Sales,49736.27,11446.78,38289.49,76.99
822,2026-04-01 00:00:00,HR,34782.76,8841.41,25941.35,74.58
823,2026-04-02 00:00:00,Marketing,30100.25,25438.65,4661.6,15.49
824,2026-04-03 00:00:00,IT,37879.27,10087.09,27792.18,73.37
825,2026-04-04 00:00:00,Sales,25934.25,23879.04,2055.21,7.92
826,2026-04-05 00:00:00,Finance,7706.41,26864.29,-19157.88,-248.6
827,2026-04-06 00:00:00,Marketing,30303.36,13580.71,16722.65,55.18
828,2026-04-07 00:00:00,HR,48093.14,27388.35,20704.79,43.05
829,2026-04-08 00:00:00,Marketing,12888.63,11942.22,946.41,7.34
830,2026-04-09 00:00:00,Sales,36050.22,28958.27,7091.95,19.67
831,2026-04-10 00:00:00,HR,14042.02,3589.4,10452.62,74.44
832,2026-04-11 00:00:00,IT,29112.25,20923.56,8188.69,28.13
833,2026-04-12 00:00:00,Marketing,9350.44,15320.61,-5970.17,-63.85
834,2026-04-13 00:00:00,Sales,25266.69,12241.82,13024.87,51.55
835,2026-04-14 00:00:00,Finance,39027.35,19348.64,19678.71,50.42
836,2026-04-15 00:00:00,HR,20640.72,21411.86,-771.14,-3.74
837,2026-04-16 00:00:00,Marketing,34921.03,1126.53,33794.5,96.77
838,2026-04-17 00:00:00,Marketing,40795.25,5841.64,34953.61,85.68
839,2026-04-18 00:00:00,IT,46723,21678.34,25044.66,53.6
840,2026-04-19 00:00:00,IT,15558.89,20325.18,-4766.29,-30.63
841,2026-04-20 00:00:00,Finance,22969.22,29015.38,-6046.16,-26.32
842,2026-04-21 00:00:00,Finance,11858.72,23070.1,-11211.38,-94.54
843,2026-04-22 00:00:00,Sales,49661.76,28572.41,21089.35,42.47
844,2026-04-23 00:00:00,Sales,46715.04,21373.67,25341.37,54.25
845,2026-04-24 00:00:00,Finance,29298.07,9643.51,19654.56,67.08
846,2026-04-25 00:00:00,Finance,42891.5,4055.58,38835.92,90.54
847,2026-04-26 00:00:00,HR,28443.11,23672.89,4770.22,16.77
848,2026-04-27 00:00:00,IT,33061.36,19680.33,13381.03,40.47
849,2026-04-28 00:00:00,Sales,9010.6,2397.39,6613.21,73.39
850,2026-04-29 00:00:00,IT,38987.17,11441.46,27545.71,70.65
851,2026-04-30 00:00:00,IT,10747.11,28747.19,-18000.08,-167.49
852,2026-05-01 00:00:00,Finance,42173.04,15511.63,26661.41,63.22
853,2026-05-02 00:00:00,HR,40191.26,13549.14,26642.12,66.29
854,2026-05-03 00:00:00,Marketing,36893.51,14273.29,22620.22,61.31
855,2026-05-04 00:00:00,HR,6627.22,7057.6,-430.38,-6.49
856,2026-05-05 00:00:00,HR,18640.78,11692.51,6948.27,37.27
857,2026-05-06 00:00:00,IT,16840.07,11724.58,5115.49,30.38
858,2026-05-07 00:00:00,HR,21206.14,2518.3,18687.84,88.12
859,2026-05-08 00:00:00,Sales,8943.92,23259.46,-14315.54,-160.06
860,2026-05-09 00:00:00,IT,47163.1,13078.63,34084.47,72.27
861,2026-05-10 00:00:00,Sales,29921.1,24843.22,5077.88,16.97
862,2026-05-11 00:00:00,Marketing,18748.59,25660.09,-6911.5,-36.86
863,2026-05-12 00:00:00,IT,22864.17,7147.83,15716.34,68.74
864,2026-05-13 00:00:00,Marketing,25124.11,20063.25,5060.86,20.14
865,2026-05-14 00:00:00,IT,32026.75,14696.17,17330.58,54.11
866,2026-05-15 00:00:00,Finance,28205.57,26524.55,1681.02,5.96
867,2026-05-16 00:00:00,HR,46372.64,7256.48,39116.16,84.35
868,2026-05-17 00:00:00,Finance,27363.36,20656.58,6706.78,24.51
869,2026-05-18 00:00:00,Marketing,49647.11,18624.81,31022.3,62.49
870,2026-05-19 00:00:00,HR,43314.12,9563.74,33750.38,77.92
871,2026-05-20 00:00:00,IT,14382.97,4961.43,9421.54,65.5
872,2026-05-21 00:00:00,HR,46876.78,19897.55,26979.23,57.55
873,2026-05-22 00:00:00,Sales,10236.49,22419.33,-12182.84,-119.01
874,2026-05-23 00:00:00,HR,41785.24,10153.19,31632.05,75.7
875,2026-05-24 00:00:00,Sales,22128.05,19700.15,2427.9,10.97
876,2026-05-25 00:00:00,HR,44508.84,12458.8,32050.04,72.01
877,2026-05-26 00:00:00,Sales,44062.55,21683,22379.55,50.79
878,2026-05-27 00:00:00,Marketing,41266.64,6777.24,34489.4,83.58
879,2026-05-28 00:00:00,Finance,40551.37,26816.24,13735.13,33.87
880,2026-05-29 00:00:00,IT,18710.56,9334.88,9375.68,50.11
881,2026-05-30 00:00:00,HR,8641.37,11665.79,-3024.42,-35
882,2026-05-31 00:00:00,Finance,23134.11,2684.67,20449.44,88.4
883,2026-06-01 00:00:00,IT,12808.6,4233.85,8574.75,66.95
884,2026-06-02 00:00:00,IT,36272.8,15960,20312.8,56
885,2026-06-03 00:00:00,Sales,20574.49,8760.19,11814.3,57.42
886,2026-06-04 00:00:00,Marketing,48902.46,25228.93,23673.53,48.41
887,2026-06-05 00:00:00,Marketing,33843.74,1426.11,32417.63,95.79
888,2026-06-06 00:00:00,Finance,42011.63,11993.73,30017.9,71.45
889,2026-06-07 00:00:00,Marketing,10963.61,10783.02,180.59,1.65
890,2026-06-08 00:00:00,HR,43790.65,1560.5,42230.15,96.44
891,2026-06-09 00:00:00,Marketing,46524.07,4606.68,41917.39,90.1
892,2026-06-10 00:00:00,Finance,26917.79,12995.64,13922.15,51.72
893,2026-06-11 00:00:00,Marketing,32281.38,15293.07,16988.31,52.63
894,2026-06-12 00:00:00,HR,39416.44,12724.4,26692.04,67.72
895,2026-06-13 00:00:00,Sales,12867.74,16397.19,-3529.45,-27.43
896,2026-06-14 00:00:00,Finance,27615.47,18258.82,9356.65,33.88
897,2026-06-15 00:00:00,Sales,22939.84,1287.79,21652.05,94.39
898,2026-06-16 00:00:00,Sales,11586.83,14458.76,-2871.93,-24.79
899,2026-06-17 00:00:00,Sales,21539.05,28941.48,-7402.43,-34.37
900,2026-06-18 00:00:00,IT,8067.75,16051.94,-7984.19,-98.96
901,2026-06-19 00:00:00,IT,6161.54,20648.73,-14487.19,-235.12
902,2026-06-20 00:00:00,Sales,11082.48,10044.05,1038.43,9.37
903,2026-06-21 00:00:00,Finance,48340.18,23445.75,24894.43,51.5
904,2026-06-22 00:00:00,HR,29728.83,23414.72,6314.11,21.24
905,2026-06-23 00:00:00,HR,48462,16117.59,32344.41,66.74
906,2026-06-24 00:00:00,Marketing,24462.4,29304.4,-4842,-19.79
907,2026-06-25 00:00:00,Finance,19031.73,4640.96,14390.77,75.61
908,2026-06-26 00:00:00,IT,27776.38,1491.48,26284.9,94.63
909,2026-06-27 00:00:00,Sales,24778.03,23334.59,1443.44,5.83
910,2026-06-28 00:00:00,Marketing,9754.91,24407.51,-14652.6,-150.21
911,2026-06-29 00:00:00,HR,33837.18,4486.01,29351.17,86.74
912,2026-06-30 00:00:00,IT,14721.72,8701.9,6019.82,40.89
913,2026-07-01 00:00:00,IT,32881.46,1509.02,31372.44,95.41
914,2026-07-02 00:00:00,Sales,34259.05,9505.95,24753.1,72.25
915,2026-07-03 00:00:00,HR,11841.12,23421.11,-11579.99,-97.79
916,2026-07-04 00:00:00,Finance,7760.73,16020.86,-8260.13,-106.43
917,2026-07-05 00:00:00,IT,40134.27,11094.77,29039.5,72.36
918,2026-07-06 00:00:00,Sales,25691.02,11780.44,13910.58,54.15
919,2026-07-07 00:00:00,Finance,7617.37,1039.26,6578.11,86.36
920,2026-07-08 00:00:00,HR,49768.98,9694.22,40074.76,80.52
921,2026-07-09 00:00:00,IT,7600.13,19747.3,-12147.17,-159.83
922,2026-07-10 00:00:00,Finance,36276.59,29251.64,7024.95,19.36
923,2026-07-11 00:00:00,Finance,49265.55,25564.76,23700.79,48.11
924,2026-07-12 00:00:00,Finance,15763.1,1684.25,14078.85,89.32
925,2026-07-13 00:00:00,IT,11401.22,27058.26,-15657.04,-137.33
926,2026-07-14 00:00:00,IT,10462.32,23712.75,-13250.43,-126.65
927,2026-07-15 00:00:00,Marketing,18647.38,23630.91,-4983.53,-26.73
928,2026-07-16 00:00:00,HR,9547.06,14281.88,-4734.82,-49.59
929,2026-07-17 00:00:00,Sales,36147.26,12542.15,23605.11,65.3
930,2026-07-18 00:00:00,Finance,7803.13,9784.56,-1981.43,-25.39
931,2026-07-19 00:00:00,Marketing,27924,2905.15,25018.85,89.6
932,2026-07-20 00:00:00,Sales,49851.36,7618.83,42232.53,84.72
933,2026-07-21 00:00:00,Marketing,41628.66,8151.51,33477.15,80.42
934,2026-07-22 00:00:00,IT,32684.87,15038.24,17646.63,53.99
935,2026-07-23 00:00:00,Finance,18781.41,22675.89,-3894.48,-20.74
936,2026-07-24 00:00:00,Sales,33075.31,14740.49,18334.82,55.43
937,2026-07-25 00:00:00,Sales,28716.87,2677.49,26039.38,90.68
938,2026-07-26 00:00:00,Sales,24173.75,28775.9,-4602.15,-19.04
939,2026-07-27 00:00:00,Sales,10881.97,28339.01,-17457.04,-160.42
940,2026-07-28 00:00:00,Sales,44897.19,23770.5,21126.69,47.06
941,2026-07-29 00:00:00,Marketing,25240.31,29748.51,-4508.2,-17.86
942,2026-07-30 00:00:00,Finance,13758.01,16789.99,-3031.98,-22.04
943,2026-07-31 00:00:00,IT,21549.17,28920.28,-7371.11,-34.21
944,2026-08-01 00:00:00,IT,23635.84,3192.55,20443.29,86.49
945,2026-08-02 00:00:00,IT,42239.21,11604.74,30634.47,72.53
946,2026-08-03 00:00:00,IT,38012.65,7536.06,30476.59,80.17
947,2026-08-04 00:00:00,Marketing,39618.72,6679.16,32939.56,83.14
948,2026-08-05 00:00:00,HR,5496.41,5083.29,413.12,7.52
949,2026-08-06 00:00:00,Finance,23726.93,19050,4676.93,19.71
950,2026-08-07 00:00:00,Sales,26660.49,23658.33,3002.16,11.26
951,2026-08-08 00:00:00,HR,5863.65,17770.65,-11907,-203.06
952,2026-08-09 00:00:00,IT,16691.59,5261.92,11429.67,68.48
953,2026-08-10 00:00:00,HR,39213.04,24522.59,14690.45,37.46
954,2026-08-11 00:00:00,Finance,11169.94,19442.69,-8272.75,-74.06
955,2026-08-12 00:00:00,Sales,29088.96,12256.81,16832.15,57.86
956,2026-08-13 00:00:00,Sales,14684.08,20549.78,-5865.7,-39.95
957,2026-08-14 00:00:00,Finance,5545.43,8537.24,-2991.81,-53.95
958,2026-08-15 00:00:00,Finance,15854.07,11010.57,4843.5,30.55
959,2026-08-16 00:00:00,IT,48914.32,27607.09,21307.23,43.56
960,2026-08-17 00:00:00,Sales,41069.17,9424.63,31644.54,77.05
961,2026-08-18 00:00:00,HR,48180.95,14629.66,33551.29,69.64
962,2026-08-19 00:00:00,Marketing,26953.43,26814.09,139.34,0.52
963,2026-08-20 00:00:00,Marketing,9938.13,21523.92,-11585.79,-116.58
964,2026-08-21 00:00:00,Finance,29658.18,2803.89,26854.29,90.55
965,2026-08-22 00:00:00,IT,25446.98,5271.79,20175.19,79.28
966,2026-08-23 00:00:00,Marketing,42996.07,1227.41,41768.66,97.15
967,2026-08-24 00:00:00,Sales,9413.72,19296.73,-9883.01,-104.99
968,2026-08-25 00:00:00,Finance,26970.85,13982.53,12988.32,48.16
969,2026-08-26 00:00:00,HR,11752.19,4893.97,6858.22,58.36
970,2026-08-27 00:00:00,Finance,19610.42,28780.09,-9169.67,-46.76
971,2026-08-28 00:00:00,HR,38181.07,16360.13,21820.94,57.15
972,2026-08-29 00:00:00,Finance,26420.82,8014.91,18405.91,69.66
973,2026-08-30 00:00:00,Finance,21914.97,15517.5,6397.47,29.19
974,2026-08-31 00:00:00,Finance,22751.43,20708.99,2042.44,8.98
975,2026-09-01 00:00:00,HR,25675.1,3210.94,22464.16,87.49
976,2026-09-02 00:00:00,HR,40325.74,8966.41,31359.33,77.77
977,2026-09-03 00:00:00,Finance,45143.81,24402,20741.81,45.95
978,2026-09-04 00:00:00,Marketing,47990.06,14330.28,33659.78,70.14
979,2026-09-05 00:00:00,IT,40410.65,16850.74,23559.91,58.3
980,2026-09-06 00:00:00,IT,19193.31,13551.66,5641.65,29.39
981,2026-09-07 00:00:00,IT,35966.06,2273.1,33692.96,93.68
982,2026-09-08 00:00:00,HR,24692.14,5806.74,18885.4,76.48
983,2026-09-09 00:00:00,HR,16460.18,13920.71,2539.47,15.43
984,2026-09-10 00:00:00,Marketing,42839.22,7066.38,35772.84,83.5
985,2026-09-11 00:00:00,IT,6729.19,2449.39,4279.8,63.6
986,2026-09-12 00:00:00,IT,45579.29,25465.84,20113.45,44.13
987,2026-09-13 00:00:00,Finance,25766.49,29454.58,-3688.09,-14.31
988,2026-09-14 00:00:00,HR,33674.07,24001.14,9672.93,28.73
989,2026-09-15 00:00:00,IT,34670.93,25759.76,8911.17,25.7
990,2026-09-16 00:00:00,Marketing,45280.3,8017.34,37262.96,82.29
991,2026-09-17 00:00:00,Marketing,33650.14,28858.18,4791.96,14.24
992,2026-09-18 00:00:00,IT,32627.01,6710.85,25916.16,79.43
993,2026-09-19 00:00:00,HR,7999.34,28591.46,-20592.12,-257.42
994,2026-09-20 00:00:00,Marketing,28328.36,29849.76,-1521.4,-5.37
995,2026-09-21 00:00:00,Finance,11757.61,21639.96,-9882.35,-84.05
996,2026-09-22 00:00:00,Marketing,38184.52,29453.17,8731.35,22.87
997,2026-09-23 00:00:00,Sales,28049.99,17516.65,10533.34,37.55
998,2026-09-24 00:00:00,Sales,35610.25,8526.71,27083.54,76.06
999,2026-09-25 00:00:00,HR,6875.28,13672.88,-6797.6,-98.87
1000,2026-09-26 00:00:00,IT,8815.64,18213.27,-9397.63,-106.6
